ref_date,type_of_crop,production_year_before,production_current_year,production_diff,percent_diff
1950,"Canola (rapeseed)",7700,50,-7650,-99.35
1949,Flaxseed,468700,56900,-411800,-87.86
1974,"Sunflower seed",41250,8300,-32950,-79.88
1933,Flaxseed,69100,16050,-53050,-76.77
1931,"Rye, all",558500,134200,-424300,-75.97
1943,"Rye, all",614500,162000,-452500,-73.64
1952,"Sunflower seed",3400,900,-2500,-73.53
1949,"Canola (rapeseed)",29000,7700,-21300,-73.45
1945,"Sunflower seed",3900,1400,-2500,-64.1
1949,"Rye, all",698600,258900,-439700,-62.94
1950,"Sunflower seed",11600,4500,-7100,-61.21
1919,"Beans, all dry (white and coloured)",97050,37750,-59300,-61.1
1914,Flaxseed,445500,182250,-263250,-59.09
1967,Flaxseed,572000,238250,-333750,-58.35
1979,Buckwheat,72700,30850,-41850,-57.57
1975,"Mustard seed",117900,50200,-67700,-57.42
1937,Flaxseed,45550,19650,-25900,-56.86
1916,"Corn for grain",364900,159200,-205700,-56.37
1954,"Rye, all",732700,325600,-407100,-55.56
1936,"Rye, all",243500,109300,-134200,-55.11
1976,"Canola (rapeseed)",1839200,836900,-1002300,-54.5
1959,"Canola (rapeseed)",176000,80800,-95200,-54.09
1964,"Mustard seed",48800,22500,-26300,-53.89
1971,Flaxseed,1218400,568800,-649600,-53.32
1944,Flaxseed,468200,225700,-242500,-51.79
1979,"Mustard seed",103300,49900,-53400,-51.69
1931,Flaxseed,128800,62650,-66150,-51.36
1943,"Mixed grains",1256700,613650,-643050,-51.17
1983,"Sunflower seed",94600,46200,-48400,-51.16
1967,"Beans, all dry (white and coloured)",79800,39100,-40700,-51
1970,"Wheat, all",18267950,9023050,-9244900,-50.61
1933,"Rye, all",215000,106700,-108300,-50.37
1931,Barley,2942850,1466800,-1476050,-50.16
1916,"Sugar beets",127900,64400,-63500,-49.65
1943,"Wheat, all",15134600,7711450,-7423150,-49.05
1921,Flaxseed,203050,104300,-98750,-48.63
1954,"Wheat, all",17256300,8917750,-8338550,-48.32
1910,Barley,1206450,628550,-577900,-47.9
1962,"Canola (rapeseed)",254500,132900,-121600,-47.78
1929,"Wheat, all",15423950,8224050,-7199900,-46.68
1957,"Mustard seed",60400,32300,-28100,-46.52
1973,"Sunflower seed",77050,41250,-35800,-46.46
1980,Flaxseed,815400,441900,-373500,-45.81
1927,"Corn for grain",198500,108000,-90500,-45.59
1943,"Corn for grain",373100,203300,-169800,-45.51
1961,"Wheat, all",14107400,7713950,-6393450,-45.32
1982,Buckwheat,52800,28950,-23850,-45.17
1957,Flaxseed,888700,487800,-400900,-45.11
1969,"Mustard seed",212700,117000,-95700,-44.99
1924,"Wheat, all",12905350,7132200,-5773150,-44.73
1977,"Beans, all dry (white and coloured)",90000,50200,-39800,-44.22
1916,"Corn for silage",3069000,1730000,-1339000,-43.63
1983,"Beans, all dry (white and coloured)",68050,38600,-29450,-43.28
1916,"Beans, all dry (white and coloured)",19650,11200,-8450,-43
1929,Flaxseed,91700,52300,-39400,-42.97
1982,"Sunflower seed",165200,94600,-70600,-42.74
1931,"Peas, dry",64550,37250,-27300,-42.29
1961,Barley,4212900,2451700,-1761200,-41.8
1941,"Wheat, all",14700800,8563850,-6136950,-41.75
1910,"Peas, dry",221650,130450,-91200,-41.15
1983,Flaxseed,751900,443900,-308000,-40.96
1924,"Rye, all",589900,349400,-240500,-40.77
1916,"Mixed grains",357400,216000,-141400,-39.56
1972,"Canola (rapeseed)",2165900,1317700,-848200,-39.16
1956,"Rye, all",351300,214500,-136800,-38.94
1941,Buckwheat,145750,90100,-55650,-38.18
1976,Flaxseed,444600,276900,-167700,-37.72
1972,"Rye, all",556600,347500,-209100,-37.57
1943,Soybeans,23700,14800,-8900,-37.55
1929,Oats,6973350,4361950,-2611400,-37.45
1947,"Corn for grain",279800,175400,-104400,-37.31
1910,"Beans, all dry (white and coloured)",35950,22550,-13400,-37.27
1931,Buckwheat,237400,150600,-86800,-36.56
1947,"Mixed grains",972000,616900,-355100,-36.53
1933,"Wheat, all",12058550,7672150,-4386400,-36.38
1983,Lentils,90200,57400,-32800,-36.36
1961,"Rye, all",259500,165400,-94100,-36.26
1916,"Peas, dry",94550,60400,-34150,-36.12
1961,Flaxseed,573400,367700,-205700,-35.87
1925,Flaxseed,246200,158400,-87800,-35.66
1984,Buckwheat,35900,23100,-12800,-35.65
1921,"Sugar beets",374100,243100,-131000,-35.02
1961,"Mustard seed",26200,17100,-9100,-34.73
1949,"Peas, dry",31800,21000,-10800,-33.96
1943,"Sugar beets",649100,430400,-218700,-33.69
1925,"Rye, all",349400,232800,-116600,-33.37
1954,Barley,5706050,3804500,-1901550,-33.33
1916,"Wheat, all",10711050,7150950,-3560100,-33.24
1913,Flaxseed,663800,445500,-218300,-32.89
1910,"Mixed grains",395850,267150,-128700,-32.51
1957,"Sunflower seed",8000,5400,-2600,-32.5
1984,Lentils,57400,38900,-18500,-32.23
1957,Oats,7210350,4887300,-2323050,-32.22
1976,Soybeans,366800,250400,-116400,-31.73
1957,"Wheat, all",15595500,10687000,-4908500,-31.47
1968,"Sunflower seed",16400,11250,-5150,-31.4
1921,"Mixed grains",661750,454500,-207250,-31.32
1936,Oats,6081550,4192050,-1889500,-31.07
1945,"Rye, all",215900,148900,-67000,-31.03
1954,Buckwheat,77750,53650,-24100,-31
1910,Oats,5451400,3785150,-1666250,-30.57
1965,Buckwheat,27750,19300,-8450,-30.45
1957,Buckwheat,69150,48100,-21050,-30.44
1967,"Rye, all",437600,304500,-133100,-30.42
1914,"Wheat, all",6305250,4389200,-1916050,-30.39
1959,"Mustard seed",31900,22300,-9600,-30.09
1945,Flaxseed,225700,158200,-67500,-29.91
1972,Buckwheat,54450,38250,-16200,-29.75
1976,"Mustard seed",50200,35300,-14900,-29.68
1922,"Sugar beets",243100,172700,-70400,-28.96
1974,Flaxseed,492800,350500,-142300,-28.88
1961,Oats,6145850,4378900,-1766950,-28.75
1959,Buckwheat,43600,31150,-12450,-28.56
1967,"Wheat, all",22516850,16136450,-6380400,-28.34
1923,"Rye, all",822779,589900,-232879,-28.3
1917,Flaxseed,209800,150800,-59000,-28.12
1943,Oats,9893650,7118650,-2775000,-28.05
1924,Oats,8697350,6260850,-2436500,-28.01
1962,"Sunflower seed",10950,7900,-3050,-27.85
1927,"Sugar beets",461100,335600,-125500,-27.22
1980,"Canola (rapeseed)",3411100,2483400,-927700,-27.2
1970,"Mustard seed",117000,85200,-31800,-27.18
1919,Barley,1683200,1227150,-456050,-27.09
1983,Barley,13965000,10209000,-3756000,-26.9
1960,Soybeans,185800,136050,-49750,-26.78
1914,"Sugar beets",134300,98500,-35800,-26.66
1954,"Peas, dry",35750,26300,-9450,-26.43
1913,"Sugar beets",182400,134300,-48100,-26.37
1944,"Peas, dry",36500,26950,-9550,-26.16
1928,Flaxseed,124100,91700,-32400,-26.11
1954,Oats,6383750,4722800,-1660950,-26.02
1926,"Corn for grain",268000,198500,-69500,-25.93
1945,Oats,7310150,5417100,-1893050,-25.9
1950,"Beans, all dry (white and coloured)",43450,32250,-11200,-25.78
1910,"Corn for grain",489600,363600,-126000,-25.74
1957,"Peas, dry",49400,36700,-12700,-25.71
1975,Buckwheat,29500,21950,-7550,-25.59
1981,"Canola (rapeseed)",2483400,1848500,-634900,-25.57
1983,"Peas, dry",156800,116700,-40100,-25.57
1948,Buckwheat,91000,67950,-23050,-25.33
1947,Oats,5564900,4167450,-1397450,-25.11
1948,"Peas, dry",42450,31800,-10650,-25.09
1914,Barley,1051700,788800,-262900,-25
1929,Barley,2970150,2227500,-742650,-25
1936,"Beans, all dry (white and coloured)",31650,23850,-7800,-24.64
1951,"Sunflower seed",4500,3400,-1100,-24.44
1963,Soybeans,179800,136100,-43700,-24.3
1974,Soybeans,396500,300700,-95800,-24.16
1937,"Sugar beets",504400,382900,-121500,-24.09
1916,Buckwheat,171300,130150,-41150,-24.02
1936,"Peas, dry",44000,33500,-10500,-23.86
1964,Barley,4816300,3667650,-1148650,-23.85
1945,"Wheat, all",11291450,8609550,-2681900,-23.75
1983,Oats,3636800,2773300,-863500,-23.74
1980,"Sunflower seed",217800,166100,-51700,-23.74
1947,"Peas, dry",55650,42450,-13200,-23.72
1931,"Wheat, all",11449000,8745350,-2703650,-23.61
1929,"Peas, dry",70400,53900,-16500,-23.44
1949,"Tame hay",15965000,12229000,-3736000,-23.4
1936,"Corn for silage",3699000,2837000,-862000,-23.3
1965,"Peas, dry",46950,36100,-10850,-23.11
1959,Flaxseed,567450,436600,-130850,-23.06
1961,Buckwheat,34400,26500,-7900,-22.97
1926,"Beans, all dry (white and coloured)",40850,31500,-9350,-22.89
1966,Flaxseed,741150,572000,-169150,-22.82
1926,"Peas, dry",92900,71750,-21150,-22.77
1983,"Mixed grains",1483600,1146200,-337400,-22.74
1914,Oats,6240300,4828100,-1412200,-22.63
1949,Barley,3314850,2569900,-744950,-22.47
1931,Oats,6526500,5062650,-1463850,-22.43
1951,"Corn for silage",4279000,3321000,-958000,-22.39
1936,"Wheat, all",7673600,5966950,-1706650,-22.24
1964,"Sunflower seed",18000,14000,-4000,-22.22
1964,Oats,6876050,5351600,-1524450,-22.17
1933,"Beans, all dry (white and coloured)",31050,24200,-6850,-22.06
1982,"Mustard seed",98000,76500,-21500,-21.94
1919,"Mixed grains",727850,568400,-159450,-21.91
1956,"Corn for grain",902800,706500,-196300,-21.74
1968,"Canola (rapeseed)",563600,441400,-122200,-21.68
1933,Barley,1758550,1378950,-379600,-21.59
1974,Oats,5070950,3977550,-1093400,-21.56
1921,"Peas, dry",96050,75400,-20650,-21.5
1933,Oats,6038050,4741700,-1296350,-21.47
1936,"Corn for grain",197000,155000,-42000,-21.32
1972,Flaxseed,568800,447550,-121250,-21.32
1909,"Sugar beets",98900,78000,-20900,-21.13
1919,"Peas, dry",117450,92650,-24800,-21.12
1962,"Peas, dry",28300,22350,-5950,-21.02
1927,"Corn for silage",4073000,3219000,-854000,-20.97
1916,Barley,1176150,931600,-244550,-20.79
1910,"Wheat, all",4537850,3595200,-942650,-20.77
1984,"Rye, all",822700,652300,-170400,-20.71
1984,"Sugar beets",1167400,925900,-241500,-20.69
1945,Barley,4078800,3239450,-839350,-20.58
1941,"Rye, all",355900,283300,-72600,-20.4
1913,Buckwheat,229000,182300,-46700,-20.39
1942,"Beans, all dry (white and coloured)",44900,35850,-9050,-20.16
1976,"Rye, all",550300,439900,-110400,-20.06
1923,"Beans, all dry (white and coloured)",35500,28400,-7100,-20
1984,"Wheat, all",26464200,21187900,-5276300,-19.94
1976,"Sunflower seed",29900,24000,-5900,-19.73
1957,Barley,5856700,4702550,-1154150,-19.71
1921,Oats,8184500,6574250,-1610250,-19.67
1973,Buckwheat,38250,30750,-7500,-19.61
1941,Oats,5867800,4719100,-1148700,-19.58
1979,"Beans, all dry (white and coloured)",76500,61650,-14850,-19.41
1945,"Corn for silage",3448000,2781000,-667000,-19.34
1979,Oats,3568050,2878400,-689650,-19.33
1918,"Wheat, all",6360900,5145600,-1215300,-19.11
1979,"Wheat, all",21135600,17196300,-3939300,-18.64
1943,Barley,5574550,4536150,-1038400,-18.63
1967,Oats,5717400,4654750,-1062650,-18.59
1927,Flaxseed,152300,124100,-28200,-18.52
1979,Barley,10397850,8478050,-1919800,-18.46
1972,"Mustard seed",84200,68800,-15400,-18.29
1925,"Corn for silage",5207000,4256000,-951000,-18.26
1937,"Wheat, all",5966950,4904500,-1062450,-17.81
1947,"Wheat, all",11200950,9211550,-1989400,-17.76
1974,"Wheat, all",16160350,13302300,-2858050,-17.69
1947,"Sugar beets",667500,549500,-118000,-17.68
1961,"Sunflower seed",13300,10950,-2350,-17.67
1946,"Tame hay",17493000,14406000,-3087000,-17.65
1972,"Peas, dry",52500,43250,-9250,-17.62
1966,"Peas, dry",36100,29750,-6350,-17.59
1945,"Mixed grains",999150,824500,-174650,-17.48
1974,"Mixed grains",1980700,1635850,-344850,-17.41
1920,"Tame hay",15279000,12630000,-2649000,-17.34
1972,Oats,5640550,4664300,-976250,-17.31
1958,"Peas, dry",36700,30450,-6250,-17.03
1980,Buckwheat,30850,25600,-5250,-17.02
1931,"Corn for silage",3152000,2616000,-536000,-17.01
1964,"Wheat, all",19689650,16348800,-3340850,-16.97
1914,"Corn for grain",425900,354100,-71800,-16.86
1978,Oats,4282850,3568050,-714800,-16.69
1974,"Sugar beets",901800,751600,-150200,-16.66
1953,Flaxseed,296150,247550,-48600,-16.41
1912,"Peas, dry",127000,106450,-20550,-16.18
1955,"Beans, all dry (white and coloured)",33000,27700,-5300,-16.06
1954,"Corn for silage",3285000,2763000,-522000,-15.89
1977,"Wheat, all",23586674,19858700,-3727974,-15.81
1982,"Sugar beets",1215100,1024200,-190900,-15.71
1953,"Mustard seed",10200,8600,-1600,-15.69
1909,"Corn for grain",580600,489600,-91000,-15.67
1960,"Corn for silage",3575000,3015000,-560000,-15.66
1960,"Corn for grain",784800,662500,-122300,-15.58
1950,"Peas, dry",21000,17750,-3250,-15.48
1933,"Mixed grains",796800,673750,-123050,-15.44
1923,"Peas, dry",93300,78900,-14400,-15.43
1920,"Corn for grain",430400,364100,-66300,-15.4
1949,Buckwheat,67950,57600,-10350,-15.23
1969,Soybeans,245700,208600,-37100,-15.1
1914,"Peas, dry",107550,91450,-16100,-14.97
1970,"Sugar beets",978100,831800,-146300,-14.96
1936,"Mixed grains",807050,686550,-120500,-14.93
1915,Flaxseed,182250,155250,-27000,-14.81
1920,Buckwheat,229700,195850,-33850,-14.74
1967,Barley,6449950,5505800,-944150,-14.64
1983,"Corn for silage",11234000,9593000,-1641000,-14.61
1933,"Tame hay",13901000,11879000,-2022000,-14.55
1936,Barley,1828950,1565300,-263650,-14.42
1976,"Mixed grains",1819600,1558750,-260850,-14.34
1940,"Corn for grain",206000,177000,-29000,-14.08
1980,"Rye, all",530400,455800,-74600,-14.06
1960,"Beans, all dry (white and coloured)",31450,27050,-4400,-13.99
1974,Barley,10217800,8790650,-1427150,-13.97
1913,"Corn for silage",2756000,2374000,-382000,-13.86
1972,Barley,13099250,11284850,-1814400,-13.85
1921,"Beans, all dry (white and coloured)",34400,29650,-4750,-13.81
1941,"Sugar beets",748800,645800,-103000,-13.76
1921,"Tame hay",12630000,10913000,-1717000,-13.59
1912,"Tame hay",13015000,11251000,-1764000,-13.55
1951,"Sugar beets",1012200,875800,-136400,-13.48
1983,Soybeans,848000,735000,-113000,-13.33
1941,"Tame hay",15112000,13109000,-2003000,-13.25
1914,"Rye, all",59000,51200,-7800,-13.22
1913,"Beans, all dry (white and coloured)",25050,21750,-3300,-13.17
1941,"Peas, dry",36950,32150,-4800,-12.99
1932,"Beans, all dry (white and coloured)",35600,31050,-4550,-12.78
1972,"Corn for grain",2941500,2566800,-374700,-12.74
1977,"Sugar beets",1158200,1011025,-147175,-12.71
1933,"Sugar beets",458700,401300,-57400,-12.51
1978,Flaxseed,652800,571500,-81300,-12.45
1979,"Rye, all",605200,530400,-74800,-12.36
1929,"Sugar beets",378800,332000,-46800,-12.35
1971,Buckwheat,62000,54450,-7550,-12.18
1953,Oats,7264500,6383750,-880750,-12.12
1925,"Corn for grain",304800,268000,-36800,-12.07
1981,Soybeans,689800,606800,-83000,-12.03
1972,"Sugar beets",1103100,970400,-132700,-12.03
1965,"Sugar beets",1177500,1036300,-141200,-11.99
1953,"Sugar beets",928000,816800,-111200,-11.98
1975,"Beans, all dry (white and coloured)",101950,89800,-12150,-11.92
1924,"Corn for grain",346000,304800,-41200,-11.91
1978,Barley,11801900,10397850,-1404050,-11.9
1944,"Tame hay",17409000,15351000,-2058000,-11.82
1949,Oats,5326350,4697800,-628550,-11.8
1916,Oats,7171100,6326100,-845000,-11.78
1976,"Peas, dry",49250,43450,-5800,-11.78
1912,"Corn for grain",487400,430100,-57300,-11.76
1931,"Tame hay",16363000,14450000,-1913000,-11.69
1944,Buckwheat,116200,102750,-13450,-11.57
1956,Soybeans,163100,144250,-18850,-11.56
1980,"Tame hay",26169500,23167800,-3001700,-11.47
1910,"Tame hay",10776000,9545000,-1231000,-11.42
1983,"Rye, all",928300,822700,-105600,-11.38
1960,"Sugar beets",1124500,996700,-127800,-11.37
1977,Oats,4831542,4282850,-548692,-11.36
1945,"Corn for grain",303800,269800,-34000,-11.19
1978,Soybeans,580000,515600,-64400,-11.1
1917,"Wheat, all",7150950,6360900,-790050,-11.05
1937,"Corn for grain",155000,138000,-17000,-10.97
1931,"Mixed grains",903850,804700,-99150,-10.97
1927,"Beans, all dry (white and coloured)",31500,28150,-3350,-10.63
1973,"Beans, all dry (white and coloured)",88050,78700,-9350,-10.62
1968,"Tame hay",22718000,20319000,-2399000,-10.56
1913,"Tame hay",11251000,10066000,-1185000,-10.53
1958,"Canola (rapeseed)",196400,176000,-20400,-10.39
1964,"Rye, all",350200,314200,-36000,-10.28
1960,Barley,4694700,4212900,-481800,-10.26
1971,"Tame hay",24455000,21948000,-2507000,-10.25
1967,Soybeans,245300,220200,-25100,-10.23
1953,Barley,6348200,5706050,-642150,-10.12
1944,Barley,4536150,4078800,-457350,-10.08
1929,"Rye, all",371500,334100,-37400,-10.07
1976,Buckwheat,21950,19750,-2200,-10.02
1949,"Mixed grains",1095750,986050,-109700,-10.01
1937,Buckwheat,187150,168650,-18500,-9.89
1953,"Wheat, all",19105400,17256300,-1849100,-9.68
1919,Flaxseed,153800,139000,-14800,-9.62
1979,"Sugar beets",946500,855400,-91100,-9.62
1960,"Sunflower seed",14700,13300,-1400,-9.52
1923,"Corn for silage",5333000,4827000,-506000,-9.49
1963,Oats,7597300,6876050,-721250,-9.49
1973,Barley,11284850,10217800,-1067050,-9.46
1929,"Corn for silage",3326000,3013000,-313000,-9.41
1958,Buckwheat,48100,43600,-4500,-9.36
1959,Barley,5178200,4694700,-483500,-9.34
1967,"Mustard seed",75000,68000,-7000,-9.33
1969,"Corn for grain",2076800,1883200,-193600,-9.32
1933,"Peas, dry",41300,37450,-3850,-9.32
1945,"Beans, all dry (white and coloured)",32900,29850,-3050,-9.27
1912,"Beans, all dry (white and coloured)",27600,25050,-2550,-9.24
1915,"Beans, all dry (white and coloured)",21650,19650,-2000,-9.24
1959,"Peas, dry",30450,27650,-2800,-9.2
1910,"Rye, all",43902,39900,-4002,-9.12
1968,"Peas, dry",30250,27500,-2750,-9.09
1931,"Beans, all dry (white and coloured)",39150,35600,-3550,-9.07
1974,"Corn for grain",2879700,2620100,-259600,-9.01
1941,"Corn for silage",3770000,3431000,-339000,-8.99
1956,"Sugar beets",890000,810100,-79900,-8.98
1983,"Corn for grain",6512900,5930800,-582100,-8.94
1953,"Beans, all dry (white and coloured)",35300,32150,-3150,-8.92
1920,"Beans, all dry (white and coloured)",37750,34400,-3350,-8.87
1915,Buckwheat,187800,171300,-16500,-8.79
1945,Buckwheat,102750,93800,-8950,-8.71
1940,"Rye, all",389500,355900,-33600,-8.63
1929,"Mixed grains",798550,729800,-68750,-8.61
1938,Buckwheat,168650,154150,-14500,-8.6
1921,Buckwheat,195850,179150,-16700,-8.53
1934,"Beans, all dry (white and coloured)",24200,22150,-2050,-8.47
1943,"Corn for silage",3566000,3270000,-296000,-8.3
1943,"Beans, all dry (white and coloured)",35850,32900,-2950,-8.23
1913,"Mixed grains",351000,322250,-28750,-8.19
1946,Buckwheat,93800,86150,-7650,-8.16
1955,"Sunflower seed",7400,6800,-600,-8.11
1958,"Rye, all",212500,195400,-17100,-8.05
1981,"Beans, all dry (white and coloured)",70300,64650,-5650,-8.04
1935,Buckwheat,188000,173050,-14950,-7.95
1940,"Corn for silage",4095000,3770000,-325000,-7.94
1952,"Mixed grains",1417250,1307400,-109850,-7.75
1964,"Tame hay",21208000,19567000,-1641000,-7.74
1910,Buckwheat,169900,156800,-13100,-7.71
1932,"Corn for grain",138600,128000,-10600,-7.65
1922,"Corn for silage",5774000,5333000,-441000,-7.64
1977,"Rye, all",439900,406500,-33400,-7.59
1925,Buckwheat,248400,229600,-18800,-7.57
1919,Oats,6574150,6083100,-491050,-7.47
1928,"Peas, dry",76050,70400,-5650,-7.43
1922,"Corn for grain",378600,350900,-27700,-7.32
1966,Oats,6168850,5717400,-451450,-7.32
1967,"Sugar beets",1058200,980800,-77400,-7.31
1919,Buckwheat,247650,229700,-17950,-7.25
1973,"Canola (rapeseed)",1317700,1223700,-94000,-7.13
1982,"Corn for silage",12095900,11234000,-861900,-7.13
1984,Oats,2773300,2576100,-197200,-7.11
1973,"Sugar beets",970400,901800,-68600,-7.07
1961,"Peas, dry",30450,28300,-2150,-7.06
1973,"Mixed grains",2127350,1980700,-146650,-6.89
1947,"Corn for silage",3015000,2808000,-207000,-6.87
1911,"Sugar beets",170500,158800,-11700,-6.86
1953,"Corn for silage",3521000,3285000,-236000,-6.7
1934,"Sugar beets",401300,374400,-26900,-6.7
1931,"Sugar beets",423700,395500,-28200,-6.66
1958,"Tame hay",17412000,16262000,-1150000,-6.6
1931,"Corn for grain",148200,138600,-9600,-6.48
1959,"Sugar beets",1201900,1124500,-77400,-6.44
1978,"Sugar beets",1011025,946500,-64525,-6.38
1926,Buckwheat,229600,215150,-14450,-6.29
1980,"Corn for silage",13650400,12805700,-844700,-6.19
1954,"Mixed grains",1382600,1298800,-83800,-6.06
1928,"Rye, all",395400,371500,-23900,-6.04
1960,"Mixed grains",1278350,1202850,-75500,-5.91
1917,"Tame hay",13440000,12653000,-787000,-5.86
1947,"Beans, all dry (white and coloured)",37150,35000,-2150,-5.79
1957,"Mixed grains",1359800,1281650,-78150,-5.75
1962,Buckwheat,26500,25000,-1500,-5.66
1967,"Mixed grains",1662400,1568850,-93550,-5.63
1921,Barley,1377900,1301250,-76650,-5.56
1914,"Tame hay",10066000,9506000,-560000,-5.56
1981,"Corn for silage",12805700,12095900,-709800,-5.54
1959,"Beans, all dry (white and coloured)",33250,31450,-1800,-5.41
1952,Buckwheat,65800,62250,-3550,-5.4
1909,"Corn for silage",2665000,2521000,-144000,-5.4
1965,"Sunflower seed",14000,13250,-750,-5.36
1928,"Tame hay",17714000,16806000,-908000,-5.13
1974,"Canola (rapeseed)",1223700,1163500,-60200,-4.92
1913,"Rye, all",62000,59000,-3000,-4.84
1970,"Beans, all dry (white and coloured)",53100,50550,-2550,-4.8
1947,Barley,3197300,3045500,-151800,-4.75
1926,Oats,6204600,5912200,-292400,-4.71
1954,Soybeans,136400,130000,-6400,-4.69
1929,"Tame hay",16806000,16028000,-778000,-4.63
1952,Oats,7616250,7264500,-351750,-4.62
1979,"Mixed grains",1635200,1559950,-75250,-4.6
1934,"Tame hay",11879000,11342000,-537000,-4.52
1957,"Beans, all dry (white and coloured)",31200,29800,-1400,-4.49
1926,"Corn for silage",4256000,4073000,-183000,-4.3
1939,"Peas, dry",37150,35600,-1550,-4.17
1978,"Corn for silage",14350400,13763600,-586800,-4.09
1974,Buckwheat,30750,29500,-1250,-4.07
1949,"Wheat, all",10380750,9962000,-418750,-4.03
1937,"Tame hay",14306000,13732000,-574000,-4.01
1929,Buckwheat,237300,227950,-9350,-3.94
1967,"Tame hay",23630000,22718000,-912000,-3.86
1926,Flaxseed,158400,152300,-6100,-3.85
1964,Flaxseed,536350,515850,-20500,-3.82
1932,"Tame hay",14450000,13901000,-549000,-3.8
1930,"Beans, all dry (white and coloured)",40650,39150,-1500,-3.69
1943,"Peas, dry",37900,36500,-1400,-3.69
1967,"Canola (rapeseed)",585100,563600,-21500,-3.67
1961,"Tame hay",19591000,18879000,-712000,-3.63
1912,"Rye, all",64325,62000,-2325,-3.61
1972,"Tame hay",21948000,21178000,-770000,-3.51
1966,"Rye, all",453400,437600,-15800,-3.48
1940,"Beans, all dry (white and coloured)",41550,40150,-1400,-3.37
1981,"Mixed grains",1509250,1458900,-50350,-3.34
1980,"Mixed grains",1559950,1509250,-50700,-3.25
1939,Buckwheat,154150,149150,-5000,-3.24
1927,Barley,2177350,2110200,-67150,-3.08
1912,"Wheat, all",6293500,6101350,-192150,-3.05
1979,"Peas, dry",79700,77550,-2150,-2.7
1911,"Peas, dry",130450,127000,-3450,-2.64
1910,"Corn for silage",2521000,2456000,-65000,-2.58
1972,"Mixed grains",2183700,2127350,-56350,-2.58
1926,"Tame hay",15009000,14624000,-385000,-2.57
1982,"Tame hay",24989400,24355000,-634400,-2.54
1979,"Canola (rapeseed)",3497100,3411100,-86000,-2.46
1956,"Tame hay",18273000,17831000,-442000,-2.42
1982,"Corn for grain",6673700,6512900,-160800,-2.41
1937,"Peas, dry",33500,32700,-800,-2.39
1957,"Tame hay",17831000,17412000,-419000,-2.35
1952,"Tame hay",18317000,17891000,-426000,-2.33
1913,Barley,1076500,1051700,-24800,-2.3
1940,Buckwheat,149150,145750,-3400,-2.28
1955,"Sugar beets",910600,890000,-20600,-2.26
1934,"Wheat, all",7672150,7507950,-164200,-2.14
1940,"Mixed grains",899500,880300,-19200,-2.13
1963,"Mixed grains",1475400,1444000,-31400,-2.13
1980,"Peas, dry",77550,75950,-1600,-2.06
1979,"Tame hay",26708000,26169500,-538500,-2.02
1939,"Beans, all dry (white and coloured)",42400,41550,-850,-2
1939,"Tame hay",14387000,14102000,-285000,-1.98
1925,Barley,1933700,1896450,-37250,-1.93
1959,"Mixed grains",1302850,1278350,-24500,-1.88
1969,"Sugar beets",996300,978100,-18200,-1.83
1955,Buckwheat,53650,52700,-950,-1.77
1917,Oats,6326100,6215500,-110600,-1.75
1936,"Tame hay",14531000,14306000,-225000,-1.55
1923,"Corn for grain",350900,346000,-4900,-1.4
1946,Barley,3239450,3197300,-42150,-1.3
1977,"Tame hay",24964573,24643600,-320973,-1.29
1937,Oats,4192050,4139700,-52350,-1.25
1958,"Mustard seed",32300,31900,-400,-1.24
1971,"Mustard seed",85200,84200,-1000,-1.17
1940,Oats,5928150,5867800,-60350,-1.02
1971,Soybeans,282600,279800,-2800,-0.99
1913,"Corn for grain",430100,425900,-4200,-0.98
1929,"Corn for grain",132900,131600,-1300,-0.98
1932,"Mixed grains",804700,796800,-7900,-0.98
1911,"Corn for silage",2456000,2433000,-23000,-0.94
1983,"Wheat, all",26714750,26464200,-250550,-0.94
1957,"Rye, all",214500,212500,-2000,-0.93
1925,Oats,6260850,6204600,-56250,-0.9
1932,"Corn for silage",2616000,2594000,-22000,-0.84
1965,"Tame hay",19567000,19402000,-165000,-0.84
1979,"Corn for silage",13763600,13650400,-113200,-0.82
1974,"Mustard seed",118800,117900,-900,-0.76
1976,"Corn for silage",14528000,14423410,-104590,-0.72
1981,"Sunflower seed",166100,165200,-900,-0.54
1970,Oats,5473100,5444300,-28800,-0.53
1977,"Corn for silage",14423410,14350400,-73010,-0.51
1969,Oats,5501050,5473100,-27950,-0.51
1914,"Beans, all dry (white and coloured)",21750,21650,-100,-0.46
1974,"Tame hay",23253000,23149000,-104000,-0.45
1959,Oats,5331450,5307950,-23500,-0.44
1962,Soybeans,180500,179800,-700,-0.39
1955,"Tame hay",18290000,18273000,-17000,-0.09
1944,"Beans, all dry (white and coloured)",32900,32900,0,0
1933,"Corn for grain",128000,128000,0,0
1909,"Rye, all",43902,43902,0,0
1962,"Sugar beets",1003100,1003200,100,0.01
1928,Buckwheat,237100,237300,200,0.08
1976,"Beans, all dry (white and coloured)",89800,90000,200,0.22
1956,"Corn for silage",3117000,3129000,12000,0.38
1923,Buckwheat,211250,212150,900,0.43
1972,"Sunflower seed",76700,77050,350,0.46
1956,"Mixed grains",1352900,1359800,6900,0.51
1942,"Sugar beets",645800,649100,3300,0.51
1964,"Mixed grains",1444000,1452300,8300,0.57
1973,"Peas, dry",43250,43500,250,0.58
1982,"Rye, all",922900,928300,5400,0.59
1934,Barley,1378950,1387700,8750,0.63
1961,"Sugar beets",996700,1003100,6400,0.64
1972,"Corn for silage",9724000,9789000,65000,0.67
1984,Barley,10209000,10278600,69600,0.68
1933,Buckwheat,183400,184700,1300,0.71
1972,"Wheat, all",14411900,14514450,102550,0.71
1954,"Tame hay",18157000,18290000,133000,0.73
1966,"Mixed grains",1649150,1662400,13250,0.8
1950,"Corn for grain",355000,357900,2900,0.82
1958,"Corn for grain",750100,756400,6300,0.84
1939,Barley,2225900,2246150,20250,0.91
1961,"Canola (rapeseed)",252200,254500,2300,0.91
1964,"Sugar beets",1166300,1177500,11200,0.96
1913,"Peas, dry",106450,107550,1100,1.03
1940,Barley,2246150,2270800,24650,1.1
1948,"Tame hay",15790000,15965000,175000,1.11
1969,"Mixed grains",1772150,1792550,20400,1.15
1980,Oats,2878400,2912000,33600,1.17
1958,"Wheat, all",10687000,10834300,147300,1.38
1953,"Tame hay",17891000,18157000,266000,1.49
1983,"Tame hay",24355000,24723700,368700,1.51
1968,"Sugar beets",980800,996300,15500,1.58
1958,"Mixed grains",1281650,1302850,21200,1.65
1967,"Peas, dry",29750,30250,500,1.68
1982,"Mixed grains",1458900,1483600,24700,1.69
1982,Barley,13724150,13965000,240850,1.75
1934,Buckwheat,184700,188000,3300,1.79
1909,"Mixed grains",388750,395850,7100,1.83
1935,"Peas, dry",43200,44000,800,1.85
1918,Flaxseed,150800,153800,3000,1.99
1925,"Tame hay",14711000,15009000,298000,2.03
1930,"Tame hay",16028000,16363000,335000,2.09
1966,"Sugar beets",1036300,1058200,21900,2.11
1924,"Tame hay",14400000,14711000,311000,2.16
1935,"Wheat, all",7507950,7673600,165650,2.21
1919,"Wheat, all",5145600,5259700,114100,2.22
1958,Soybeans,177050,181000,3950,2.23
1939,"Corn for silage",4004000,4095000,91000,2.27
1926,"Mixed grains",675650,691600,15950,2.36
1978,"Mixed grains",1596900,1635200,38300,2.4
1977,"Mixed grains",1558750,1596900,38150,2.45
1965,"Corn for silage",5321000,5453000,132000,2.48
1984,"Tame hay",24723700,25362600,638900,2.58
1954,"Beans, all dry (white and coloured)",32150,33000,850,2.64
1959,Soybeans,181000,185800,4800,2.65
1944,Oats,7118650,7310150,191500,2.69
1946,Oats,5417100,5564900,147800,2.73
1928,Oats,6780750,6973350,192600,2.84
1951,Buckwheat,63950,65800,1850,2.89
1926,"Wheat, all",10762900,11080950,318050,2.96
1980,"Sugar beets",855400,881000,25600,2.99
1914,Buckwheat,182300,187800,5500,3.02
1915,"Corn for grain",354100,364900,10800,3.05
1975,"Tame hay",23149000,23859000,710000,3.07
1976,"Corn for grain",3644700,3759200,114500,3.14
1919,"Corn for silage",4344000,4481000,137000,3.15
1963,"Tame hay",20539000,21208000,669000,3.26
1969,"Wheat, all",17690400,18267950,577550,3.26
1928,"Corn for silage",3219000,3326000,107000,3.32
1913,Oats,6039750,6240300,200550,3.32
1913,"Wheat, all",6101350,6305250,203900,3.34
1915,"Peas, dry",91450,94550,3100,3.39
1947,Soybeans,29200,30200,1000,3.42
1925,"Mixed grains",653000,675650,22650,3.47
1939,Oats,5727500,5928150,200650,3.5
1971,Oats,5444300,5640550,196250,3.6
1920,"Peas, dry",92650,96050,3400,3.67
1946,"Corn for grain",269800,279800,10000,3.71
1909,"Tame hay",10388000,10776000,388000,3.74
1959,"Corn for grain",756400,784800,28400,3.75
1914,"Mixed grains",322250,334350,12100,3.75
1940,"Wheat, all",14169400,14700800,531400,3.75
1915,"Tame hay",9506000,9864000,358000,3.77
1940,"Peas, dry",35600,36950,1350,3.79
1923,"Tame hay",13874000,14400000,526000,3.79
1951,"Beans, all dry (white and coloured)",32250,33500,1250,3.88
1948,"Sugar beets",549500,570800,21300,3.88
1942,"Corn for silage",3431000,3566000,135000,3.93
1921,"Corn for grain",364100,378600,14500,3.98
1928,"Mixed grains",767850,798550,30700,4
1915,"Corn for silage",2950000,3069000,119000,4.03
1961,"Mixed grains",1202850,1251450,48600,4.04
1958,"Corn for silage",3271000,3406000,135000,4.13
1930,Buckwheat,227950,237400,9450,4.15
1963,"Corn for silage",4340000,4521000,181000,4.17
1955,"Mixed grains",1298800,1352900,54100,4.17
1963,Buckwheat,25000,26050,1050,4.2
1935,"Mixed grains",774200,807050,32850,4.24
1934,Oats,4741700,4952100,210400,4.44
1957,"Corn for silage",3129000,3271000,142000,4.54
1930,"Corn for silage",3013000,3152000,139000,4.61
1976,"Tame hay",23859000,24964573,1105573,4.63
1943,"Tame hay",16625000,17409000,784000,4.72
1938,"Tame hay",13732000,14387000,655000,4.77
1980,Soybeans,657300,689800,32500,4.94
1959,"Corn for silage",3406000,3575000,169000,4.96
1982,"Beans, all dry (white and coloured)",64650,68050,3400,5.26
1952,"Beans, all dry (white and coloured)",33500,35300,1800,5.37
1925,"Peas, dry",88150,92900,4750,5.39
1978,"Corn for grain",4248800,4479800,231000,5.44
1944,"Corn for silage",3270000,3448000,178000,5.44
1949,"Corn for silage",3569000,3763000,194000,5.44
1947,Buckwheat,86150,91000,4850,5.63
1939,"Corn for grain",195000,206000,11000,5.64
1953,"Mixed grains",1307400,1382600,75200,5.75
1974,"Peas, dry",43500,46000,2500,5.75
1981,Flaxseed,441900,467400,25500,5.77
1918,Oats,6215500,6574150,358650,5.77
1941,"Mixed grains",880300,931300,51000,5.79
1973,Soybeans,374800,396500,21700,5.79
1941,Barley,2270800,2403400,132600,5.84
1952,"Sugar beets",875800,928000,52200,5.96
1927,"Peas, dry",71750,76050,4300,5.99
1952,"Corn for silage",3321000,3521000,200000,6.02
1957,"Corn for grain",706500,750100,43600,6.17
1973,"Rye, all",347500,369000,21500,6.19
1909,"Beans, all dry (white and coloured)",33800,35950,2150,6.36
1978,"Wheat, all",19858700,21135600,1276900,6.43
1964,Buckwheat,26050,27750,1700,6.53
1935,"Corn for silage",3462000,3699000,237000,6.85
1965,"Beans, all dry (white and coloured)",56050,59900,3850,6.87
1915,"Mixed grains",334350,357400,23050,6.89
1956,Barley,5476750,5856700,379950,6.94
1975,"Peas, dry",46000,49250,3250,7.07
1912,Oats,5640100,6039750,399650,7.09
1940,"Tame hay",14102000,15112000,1010000,7.16
1923,Barley,1564500,1676900,112400,7.18
1984,"Corn for silage",9593000,10292000,699000,7.29
1942,"Corn for grain",347700,373100,25400,7.31
1952,Soybeans,104600,112300,7700,7.36
1923,"Mixed grains",565650,607500,41850,7.4
1937,"Mixed grains",686550,737450,50900,7.41
1960,"Tame hay",18237000,19591000,1354000,7.42
1963,"Beans, all dry (white and coloured)",38800,41700,2900,7.47
1962,"Beans, all dry (white and coloured)",36100,38800,2700,7.48
1924,"Mixed grains",607500,653000,45500,7.49
1969,"Corn for silage",7235000,7780000,545000,7.53
1968,Buckwheat,28450,30600,2150,7.56
1936,Flaxseed,42350,45550,3200,7.56
1942,Buckwheat,90100,96950,6850,7.6
1982,"Wheat, all",24802200,26714750,1912550,7.71
1954,"Corn for grain",586400,631900,45500,7.76
1971,"Mixed grains",2026200,2183700,157500,7.77
1976,Oats,4480200,4831542,351342,7.84
1981,"Tame hay",23167800,24989400,1821600,7.86
1924,"Corn for silage",4827000,5207000,380000,7.87
1955,"Rye, all",325600,351300,25700,7.89
1984,"Mixed grains",1146200,1238100,91900,8.02
1981,"Mustard seed",90700,98000,7300,8.05
1965,"Wheat, all",16348800,17673950,1325150,8.11
1936,Buckwheat,173050,187150,14100,8.15
1975,Barley,8790650,9509000,718350,8.17
1974,"Corn for silage",10969000,11873000,904000,8.24
1968,"Corn for silage",6677000,7235000,558000,8.36
1978,"Tame hay",24643600,26708000,2064400,8.38
1963,"Corn for grain",848400,919600,71200,8.39
1938,"Mixed grains",737450,799350,61900,8.39
1946,"Corn for silage",2781000,3015000,234000,8.41
1968,"Rye, all",304500,330400,25900,8.51
1973,Oats,4664300,5070950,406650,8.72
1946,Flaxseed,158200,172100,13900,8.79
1962,"Tame hay",18879000,20539000,1660000,8.79
1948,Barley,3045500,3314850,269350,8.84
1953,"Corn for grain",538000,586400,48400,9
1980,"Corn for grain",5276100,5753200,477100,9.04
1958,Oats,4887300,5331450,444150,9.09
1918,"Tame hay",12653000,13804000,1151000,9.1
1909,Buckwheat,155700,169900,14200,9.12
1971,"Corn for silage",8910000,9724000,814000,9.14
1933,"Corn for silage",2594000,2834000,240000,9.25
1945,"Sugar beets",513700,561300,47600,9.27
1956,"Wheat, all",14246650,15595500,1348850,9.47
1981,Oats,2912000,3188300,276300,9.49
1912,"Mixed grains",320550,351000,30450,9.5
1970,"Tame hay",22316000,24455000,2139000,9.59
1947,"Tame hay",14406000,15790000,1384000,9.61
1968,"Wheat, all",16136450,17690400,1553950,9.63
1959,"Rye, all",195400,214400,19000,9.72
1973,"Tame hay",21178000,23253000,2075000,9.8
1969,"Tame hay",20319000,22316000,1997000,9.83
1970,Barley,8082800,8889250,806450,9.98
1950,"Tame hay",12229000,13457000,1228000,10.04
1949,"Corn for grain",322500,355000,32500,10.08
1958,Barley,4702550,5178200,475650,10.11
1973,Flaxseed,447550,492800,45250,10.11
1960,"Peas, dry",27650,30450,2800,10.13
1927,Buckwheat,215150,237100,21950,10.2
1968,"Corn for grain",1882800,2076800,194000,10.3
1932,Flaxseed,62650,69100,6450,10.3
1975,"Rye, all",498400,550300,51900,10.41
1960,Buckwheat,31150,34400,3250,10.43
1967,"Sunflower seed",14850,16400,1550,10.44
1920,"Rye, all",259878,287102,27224,10.48
1949,"Sunflower seed",10500,11600,1100,10.48
1951,"Mixed grains",1282600,1417250,134650,10.5
1966,"Corn for silage",5453000,6026000,573000,10.51
1976,Barley,9509000,10513690,1004690,10.57
1919,"Tame hay",13804000,15279000,1475000,10.69
1967,"Corn for silage",6026000,6677000,651000,10.8
1926,"Sugar beets",416100,461100,45000,10.81
1932,"Peas, dry",37250,41300,4050,10.87
1962,Flaxseed,367700,408050,40350,10.97
1950,Buckwheat,57600,63950,6350,11.02
1927,"Mixed grains",691600,767850,76250,11.03
1972,"Beans, all dry (white and coloured)",79250,88050,8800,11.1
1912,Barley,968700,1076500,107800,11.13
1975,"Mixed grains",1635850,1819600,183750,11.23
1949,"Beans, all dry (white and coloured)",39050,43450,4400,11.27
1935,"Sugar beets",374400,416600,42200,11.27
1973,"Wheat, all",14514450,16160350,1645900,11.34
1954,"Sugar beets",816800,910600,93800,11.48
1966,"Corn for grain",1511800,1685600,173800,11.5
1948,"Beans, all dry (white and coloured)",35000,39050,4050,11.57
1958,"Beans, all dry (white and coloured)",29800,33250,3450,11.58
1968,Soybeans,220200,245700,25500,11.58
1971,"Corn for grain",2633800,2941500,307700,11.68
1967,"Corn for grain",1685600,1882800,197200,11.7
1924,"Peas, dry",78900,88150,9250,11.72
1959,"Wheat, all",10834300,12112150,1277850,11.79
1941,"Beans, all dry (white and coloured)",40150,44900,4750,11.83
1934,"Rye, all",106700,119500,12800,12
1961,"Corn for grain",662500,742100,79600,12.02
1973,"Corn for silage",9789000,10969000,1180000,12.05
1966,"Sunflower seed",13250,14850,1600,12.08
1959,"Tame hay",16262000,18237000,1975000,12.14
1980,"Wheat, all",17196300,19291400,2095100,12.18
1973,"Corn for grain",2566800,2879700,312900,12.19
1967,Buckwheat,25350,28450,3100,12.23
1963,"Rye, all",312000,350200,38200,12.24
1977,Barley,10513690,11801900,1288210,12.25
1966,Soybeans,218500,245300,26800,12.27
1920,Barley,1227150,1377900,150750,12.28
1984,"Peas, dry",116700,131100,14400,12.34
1938,"Corn for silage",3563000,4004000,441000,12.38
1939,"Mixed grains",799350,899500,100150,12.53
1930,"Corn for grain",131600,148200,16600,12.61
1956,"Beans, all dry (white and coloured)",27700,31200,3500,12.64
1965,"Corn for grain",1342200,1511800,169600,12.64
1975,Oats,3977550,4480200,502650,12.64
1948,"Wheat, all",9211550,10380750,1169200,12.69
1955,"Corn for silage",2763000,3117000,354000,12.81
1951,"Corn for grain",357900,403800,45900,12.82
1921,"Corn for silage",5118000,5774000,656000,12.82
1954,Flaxseed,247550,279400,31850,12.87
1928,"Sugar beets",335600,378800,43200,12.87
1968,"Beans, all dry (white and coloured)",39100,44150,5050,12.92
1983,"Mustard seed",76500,86400,9900,12.94
1968,"Mixed grains",1568850,1772150,203300,12.96
1977,"Corn for grain",3759200,4248800,489600,13.02
1970,"Mixed grains",1792550,2026200,233650,13.03
1928,"Beans, all dry (white and coloured)",28150,31850,3700,13.14
1912,"Corn for silage",2433000,2756000,323000,13.28
1965,"Mixed grains",1452300,1649150,196850,13.55
1923,"Sugar beets",172700,196100,23400,13.55
1938,"Peas, dry",32700,37150,4450,13.61
1950,"Corn for silage",3763000,4279000,516000,13.71
1969,Barley,7098200,8082800,984600,13.87
1935,"Corn for grain",173000,197000,24000,13.87
1945,"Tame hay",15351000,17493000,2142000,13.95
1983,"Sugar beets",1024200,1167400,143200,13.98
1980,"Beans, all dry (white and coloured)",61650,70300,8650,14.03
1982,Oats,3188300,3636800,448500,14.07
1966,"Canola (rapeseed)",512600,585100,72500,14.14
1920,"Corn for silage",4481000,5118000,637000,14.22
1924,"Beans, all dry (white and coloured)",28400,32450,4050,14.26
1984,"Corn for grain",5930800,6777500,846700,14.28
1962,"Corn for grain",742100,848400,106300,14.32
1921,"Wheat, all",7162350,8189050,1026700,14.33
1970,"Corn for silage",7780000,8910000,1130000,14.52
1927,Oats,5912200,6780750,868550,14.69
1926,Barley,1896450,2177350,280900,14.81
1923,Oats,7575750,8697350,1121600,14.81
1912,"Sugar beets",158800,182400,23600,14.86
1934,"Mixed grains",673750,774200,100450,14.91
1965,Soybeans,189900,218500,28600,15.06
1916,"Rye, all",63200,72800,9600,15.19
1951,"Peas, dry",17750,20450,2700,15.21
1922,Oats,6574250,7575750,1001500,15.23
1965,Oats,5351600,6168850,817250,15.27
1924,Barley,1676900,1933700,256800,15.31
1934,"Peas, dry",37450,43200,5750,15.35
1909,"Peas, dry",192100,221650,29550,15.38
1937,Barley,1565300,1809800,244500,15.62
1951,Soybeans,90400,104600,14200,15.71
1960,Oats,5307950,6145850,837900,15.79
1932,"Sugar beets",395500,458700,63200,15.98
1981,"Corn for grain",5753200,6673700,920500,16
1971,"Rye, all",479800,556600,76800,16.01
1963,"Sugar beets",1003200,1166300,163100,16.26
1958,Flaxseed,487800,567450,79650,16.33
1920,"Mixed grains",568400,661750,93350,16.42
1960,"Wheat, all",12112150,14107400,1995250,16.47
1969,"Rye, all",330400,385700,55300,16.74
1984,"Beans, all dry (white and coloured)",38600,45100,6500,16.84
1983,"Canola (rapeseed)",2218100,2593300,375200,16.92
1956,Oats,6161800,7210350,1048550,17.02
1924,Buckwheat,212150,248400,36250,17.09
1960,"Mustard seed",22300,26200,3900,17.49
1911,Buckwheat,156800,184350,27550,17.57
1956,"Sunflower seed",6800,8000,1200,17.65
1964,"Corn for silage",4521000,5321000,800000,17.7
1939,"Sugar beets",451900,532000,80100,17.73
1979,"Corn for grain",4479800,5276100,796300,17.78
1927,"Wheat, all",11080950,13054850,1973900,17.81
1942,"Peas, dry",32150,37900,5750,17.88
1946,"Mixed grains",824500,972000,147500,17.89
1962,"Mixed grains",1251450,1475400,223950,17.9
1922,Buckwheat,179150,211250,32100,17.92
1957,"Sugar beets",810100,955700,145600,17.97
1938,"Sugar beets",382900,451900,69000,18.02
1962,"Corn for silage",3677000,4340000,663000,18.03
1928,"Wheat, all",13054850,15423950,2369100,18.15
1968,Oats,4654750,5501050,846300,18.18
1923,"Wheat, all",10879150,12905350,2026200,18.62
1909,Barley,1016850,1206450,189600,18.65
1951,"Wheat, all",12696650,15068600,2371950,18.68
1952,Barley,5343100,6348200,1005100,18.81
1955,"Peas, dry",26300,31250,4950,18.82
1946,"Sugar beets",561300,667500,106200,18.92
1943,Flaxseed,392950,468200,75250,19.15
1919,"Corn for grain",361200,430400,69200,19.16
1971,"Peas, dry",44050,52500,8450,19.18
1932,Oats,5062650,6038050,975400,19.27
1944,"Sugar beets",430400,513700,83300,19.35
1917,Buckwheat,130150,155650,25500,19.59
1922,"Beans, all dry (white and coloured)",29650,35500,5850,19.73
1930,"Peas, dry",53900,64550,10650,19.76
1943,Buckwheat,96950,116200,19250,19.86
1932,Barley,1466800,1758550,291750,19.89
1982,"Canola (rapeseed)",1848500,2218100,369600,19.99
1911,"Mixed grains",267150,320550,53400,19.99
1953,"Rye, all",609500,732700,123200,20.21
1922,Barley,1301250,1564500,263250,20.23
1969,"Beans, all dry (white and coloured)",44150,53100,8950,20.27
1919,"Rye, all",216027,259878,43851,20.3
1981,Barley,11395250,13724150,2328900,20.44
1938,"Beans, all dry (white and coloured)",35200,42400,7200,20.45
1960,"Rye, all",214400,259500,45100,21.04
1936,"Sugar beets",416600,504400,87800,21.08
1927,"Tame hay",14624000,17714000,3090000,21.13
1953,Soybeans,112300,136400,24100,21.46
1932,Buckwheat,150600,183400,32800,21.78
1966,"Tame hay",19402000,23630000,4228000,21.79
1961,"Corn for silage",3015000,3677000,662000,21.96
1922,Flaxseed,104300,127200,22900,21.96
1975,Soybeans,300700,366800,66100,21.98
1969,Buckwheat,30600,37350,6750,22.06
1934,"Corn for silage",2834000,3462000,628000,22.16
1975,"Corn for silage",11873000,14528000,2655000,22.36
1911,"Beans, all dry (white and coloured)",22550,27600,5050,22.39
1957,Soybeans,144250,177050,32800,22.74
1935,Oats,4952100,6081550,1129450,22.81
1976,"Sugar beets",942500,1158200,215700,22.89
1951,Oats,6196250,7616250,1420000,22.92
1938,Barley,1809800,2225900,416100,22.99
1952,Flaxseed,240700,296150,55450,23.04
1928,"Corn for grain",108000,132900,24900,23.06
1915,"Rye, all",51200,63200,12000,23.44
1917,"Corn for grain",159200,196800,37600,23.62
1947,"Sunflower seed",5900,7300,1400,23.73
1922,"Peas, dry",75400,93300,17900,23.74
1930,"Mixed grains",729800,903850,174050,23.85
1983,Buckwheat,28950,35900,6950,24.01
1912,Buckwheat,184350,229000,44650,24.22
1914,"Corn for silage",2374000,2950000,576000,24.26
1944,Soybeans,14800,18400,3600,24.32
1970,"Rye, all",385700,479800,94100,24.4
1946,"Beans, all dry (white and coloured)",29850,37150,7300,24.46
1922,"Mixed grains",454500,565650,111150,24.46
1945,Soybeans,18400,22900,4500,24.46
1984,Soybeans,735000,917000,182000,24.76
1953,Buckwheat,62250,77750,15500,24.9
1975,"Sugar beets",751600,942500,190900,25.4
1955,Soybeans,130000,163100,33100,25.46
1937,"Corn for silage",2837000,3563000,726000,25.59
1958,"Sugar beets",955700,1201900,246200,25.76
1925,"Beans, all dry (white and coloured)",32450,40850,8400,25.89
1969,"Peas, dry",27500,34650,7150,26
1977,"Peas, dry",43450,55000,11550,26.58
1952,"Wheat, all",15068600,19105400,4036800,26.79
1942,"Tame hay",13109000,16625000,3516000,26.82
1975,Flaxseed,350500,444600,94100,26.85
1963,"Peas, dry",22350,28400,6050,27.07
1948,"Corn for silage",2808000,3569000,761000,27.1
1970,"Peas, dry",34650,44050,9400,27.13
1922,"Tame hay",10913000,13874000,2961000,27.13
1952,"Peas, dry",20450,26000,5550,27.14
1950,Soybeans,71000,90400,19400,27.32
1966,"Wheat, all",17673950,22516850,4842900,27.4
1950,"Wheat, all",9962000,12696650,2734650,27.45
1979,Soybeans,515600,657300,141700,27.48
1952,"Mustard seed",8000,10200,2200,27.5
1946,Soybeans,22900,29200,6300,27.51
1930,"Sugar beets",332000,423700,91700,27.62
1929,"Beans, all dry (white and coloured)",31850,40650,8800,27.63
1948,Oats,4167450,5326350,1158900,27.81
1950,"Rye, all",258900,330900,72000,27.81
1927,"Rye, all",309300,395400,86100,27.84
1963,"Wheat, all",15393450,19689650,4296200,27.91
1935,"Tame hay",11342000,14531000,3189000,28.12
1975,"Wheat, all",13302300,17081600,3779300,28.41
1981,"Wheat, all",19291400,24802200,5510800,28.57
1917,Barley,931600,1198550,266950,28.66
1968,Barley,5505800,7098200,1592400,28.92
1974,"Beans, all dry (white and coloured)",78700,101950,23250,29.54
1965,Barley,3667650,4752900,1085250,29.59
1915,"Sugar beets",98500,127900,29400,29.85
1950,"Sugar beets",779000,1012200,233200,29.94
1950,"Mixed grains",986050,1282600,296550,30.07
1984,"Mustard seed",86400,112400,26000,30.09
1946,"Wheat, all",8609550,11200950,2591400,30.1
1978,"Mustard seed",79300,103300,24000,30.26
1955,Oats,4722800,6161800,1439000,30.47
1956,Buckwheat,52700,69150,16450,31.21
1960,Flaxseed,436600,573400,136800,31.33
1966,Buckwheat,19300,25350,6050,31.35
1963,Flaxseed,408050,536350,128300,31.44
1971,"Canola (rapeseed)",1646500,2165900,519400,31.55
1984,"Canola (rapeseed)",2593300,3411900,818600,31.57
1935,Barley,1387700,1828950,441250,31.8
1950,Oats,4697800,6196250,1498450,31.9
1930,Barley,2227500,2942850,715350,32.11
1971,"Sugar beets",831800,1103100,271300,32.62
1961,Soybeans,136050,180500,44450,32.67
1922,"Wheat, all",8189050,10879150,2690100,32.85
1926,"Rye, all",232800,309300,76500,32.86
1966,"Beans, all dry (white and coloured)",59900,79800,19900,33.22
1952,"Corn for grain",403800,538000,134200,33.23
1944,"Rye, all",162000,215900,53900,33.27
1919,"Sugar beets",163300,217700,54400,33.31
1962,"Mustard seed",17100,22800,5700,33.33
1963,Barley,3611350,4816300,1204950,33.37
1961,"Beans, all dry (white and coloured)",27050,36100,9050,33.46
1948,Flaxseed,351050,468700,117650,33.51
1937,"Rye, all",109300,146000,36700,33.58
1917,"Rye, all",72800,97400,24600,33.79
1972,Soybeans,279800,374800,95000,33.95
1911,"Corn for grain",363600,487400,123800,34.05
1980,Barley,8478050,11395250,2917200,34.41
1964,"Beans, all dry (white and coloured)",41700,56050,14350,34.41
1945,"Peas, dry",26950,36250,9300,34.51
1920,Oats,6083100,8184500,2101400,34.54
1966,"Mustard seed",55600,75000,19400,34.89
1942,"Mixed grains",931300,1256700,325400,34.94
1951,"Rye, all",330900,446900,116000,35.06
1974,"Rye, all",369000,498400,129400,35.07
1916,Flaxseed,155250,209800,54550,35.14
1934,"Corn for grain",128000,173000,45000,35.16
1970,Soybeans,208600,282600,74000,35.47
1966,Barley,4752900,6449950,1697050,35.71
1945,"Canola (rapeseed)",2800,3800,1000,35.71
1924,Flaxseed,181400,246200,64800,35.72
1954,"Canola (rapeseed)",11100,15100,4000,36.04
1951,"Tame hay",13457000,18317000,4860000,36.12
1920,"Wheat, all",5259700,7162350,1902650,36.17
1917,"Peas, dry",60400,82250,21850,36.18
1916,"Tame hay",9864000,13440000,3576000,36.25
1911,"Tame hay",9545000,13015000,3470000,36.35
1952,"Rye, all",446900,609500,162600,36.38
1949,"Sugar beets",570800,779000,208200,36.48
1969,"Sunflower seed",11250,15400,4150,36.89
1925,"Sugar beets",303000,416100,113100,37.33
1953,"Peas, dry",26000,35750,9750,37.5
1932,"Wheat, all",8745350,12058550,3313200,37.89
1981,"Sugar beets",881000,1215100,334100,37.92
1976,"Wheat, all",17081600,23586674,6505074,38.08
1938,Oats,4139700,5727500,1587800,38.36
1975,"Corn for grain",2620100,3644700,1024600,39.11
1930,"Wheat, all",8224050,11449000,3224950,39.21
1939,"Rye, all",279200,389500,110300,39.51
1964,Soybeans,136100,189900,53800,39.53
1982,Soybeans,606800,848000,241200,39.75
1970,"Corn for grain",1883200,2633800,750600,39.86
1918,Barley,1198550,1683200,484650,40.44
1928,Barley,2110200,2970150,859950,40.75
1940,"Sugar beets",532000,748800,216800,40.75
1909,Oats,3861650,5451400,1589750,41.17
1917,"Corn for silage",1730000,2444000,714000,41.27
1938,"Corn for grain",138000,195000,57000,41.3
1954,"Mustard seed",8600,12200,3600,41.86
1950,Barley,2569900,3646550,1076650,41.89
1982,"Peas, dry",110500,156800,46300,41.9
1963,"Canola (rapeseed)",132900,189500,56600,42.59
1923,Flaxseed,127200,181400,54200,42.61
1969,Flaxseed,499500,712400,212900,42.62
1979,Flaxseed,571500,815400,243900,42.68
1918,"Peas, dry",82250,117450,35200,42.8
1955,"Corn for grain",631900,902800,270900,42.87
1935,"Beans, all dry (white and coloured)",22150,31650,9500,42.89
1949,Soybeans,49600,71000,21400,43.15
1965,Flaxseed,515850,741150,225300,43.68
1948,"Sunflower seed",7300,10500,3200,43.84
1955,Barley,3804500,5476750,1672250,43.95
1965,"Rye, all",314200,453400,139200,44.3
1957,"Canola (rapeseed)",136000,196400,60400,44.41
1939,"Wheat, all",9797150,14169400,4372250,44.63
1934,Flaxseed,16050,23250,7200,44.86
1978,"Peas, dry",55000,79700,24700,44.91
1981,"Peas, dry",75950,110500,34550,45.49
1964,"Corn for grain",919600,1342200,422600,45.95
1920,Flaxseed,139000,203050,64050,46.08
1959,"Sunflower seed",10050,14700,4650,46.27
1944,"Wheat, all",7711450,11291450,3580000,46.42
1951,Barley,3646550,5343100,1696550,46.52
1962,Barley,2451700,3611350,1159650,47.3
1971,Barley,8889250,13099250,4210000,47.36
1937,"Beans, all dry (white and coloured)",23850,35200,11350,47.59
1909,Flaxseed,38100,56300,18200,47.77
1946,"Rye, all",148900,220500,71600,48.09
1909,"Wheat, all",3060250,4537850,1477600,48.28
1978,"Sunflower seed",81000,120200,39200,48.4
1915,Oats,4828100,7171100,2343000,48.53
1978,"Rye, all",406500,605200,198700,48.88
1940,Flaxseed,51950,77400,25450,48.99
1911,Oats,3785150,5640100,1854950,49.01
1915,Barley,788800,1176150,387350,49.11
1944,"Corn for grain",203300,303800,100500,49.43
1930,Oats,4361950,6526500,2164550,49.62
1922,"Rye, all",545503,822779,277276,50.83
1925,"Wheat, all",7132200,10762900,3630700,50.91
1978,"Beans, all dry (white and coloured)",50200,76500,26300,52.39
1917,"Mixed grains",216000,329800,113800,52.69
1918,"Sugar beets",106700,163300,56600,53.05
1946,"Peas, dry",36250,55650,19400,53.52
1911,Barley,628550,968700,340150,54.12
1924,"Sugar beets",196100,303000,106900,54.51
1946,"Canola (rapeseed)",3800,5900,2100,55.26
1984,Flaxseed,443900,693500,249600,56.23
1971,"Beans, all dry (white and coloured)",50550,79250,28700,56.78
1947,"Rye, all",220500,346300,125800,57.05
1975,"Canola (rapeseed)",1163500,1839200,675700,58.07
1956,"Peas, dry",31250,49400,18150,58.08
1964,"Canola (rapeseed)",189500,300000,110500,58.31
1918,Buckwheat,155650,247650,92000,59.11
1944,"Sunflower seed",2450,3900,1450,59.18
1971,"Wheat, all",9023050,14411900,5388850,59.72
1955,"Wheat, all",8917750,14246650,5328900,59.76
1932,"Rye, all",134200,215000,80800,60.21
1982,Flaxseed,467400,751900,284500,60.87
1911,"Rye, all",39900,64325,24425,61.22
1982,Lentils,55700,90200,34500,61.94
1939,Flaxseed,32000,51950,19950,62.34
1944,"Mixed grains",613650,999150,385500,62.82
1938,Flaxseed,19650,32000,12350,62.85
1970,"Sunflower seed",15400,25150,9750,63.31
1948,Soybeans,30200,49600,19400,64.24
1964,"Peas, dry",28400,46950,18550,65.32
1917,"Sugar beets",64400,106700,42300,65.68
1970,Buckwheat,37350,62000,24650,66
1978,Buckwheat,43750,72700,28950,66.17
1930,"Rye, all",334100,558500,224400,67.17
1947,"Canola (rapeseed)",5900,9900,4000,67.8
1912,Flaxseed,392200,663800,271600,69.25
1965,"Canola (rapeseed)",300000,512600,212600,70.87
1970,Flaxseed,712400,1218400,506000,71.03
1920,"Sugar beets",217700,374100,156400,71.84
1969,"Canola (rapeseed)",441400,760300,318900,72.25
1955,Flaxseed,279400,482400,203000,72.66
1973,"Mustard seed",68800,118800,50000,72.67
1953,"Canola (rapeseed)",6400,11100,4700,73.44
1962,Oats,4378900,7597300,3218400,73.5
1911,"Wheat, all",3595200,6293500,2698300,75.05
1942,"Wheat, all",8563850,15134600,6570750,76.73
1978,"Canola (rapeseed)",1973100,3497100,1524000,77.24
1948,"Mixed grains",616900,1095750,478850,77.62
1918,"Corn for silage",2444000,4344000,1900000,77.74
1979,"Sunflower seed",120200,217800,97600,81.2
1980,"Mustard seed",49900,90700,40800,81.76
1935,Flaxseed,23250,42350,19100,82.15
1918,"Corn for grain",196800,361200,164400,83.54
1984,"Sunflower seed",46200,84800,38600,83.55
1948,"Corn for grain",175400,322500,147100,83.87
1956,Flaxseed,482400,888700,406300,84.22
1955,"Mustard seed",12200,22500,10300,84.43
1958,"Sunflower seed",5400,10050,4650,86.11
1962,"Rye, all",165400,312000,146600,88.63
1921,"Rye, all",287102,545503,258401,90
1951,Flaxseed,126000,240700,114700,91.03
1938,"Rye, all",146000,279200,133200,91.23
1910,Flaxseed,56300,107850,51550,91.56
1941,"Corn for grain",177000,347700,170700,96.44
1962,"Wheat, all",7713950,15393450,7679500,99.55
1938,"Wheat, all",4904500,9797150,4892650,99.76
1948,"Rye, all",346300,698600,352300,101.73
1981,"Rye, all",455800,922900,467100,102.48
1935,"Rye, all",119500,243500,124000,103.77
1947,Flaxseed,172100,351050,178950,103.98
1981,Buckwheat,25600,52800,27200,106.25
1968,Flaxseed,238250,499500,261250,109.65
1942,Oats,4719100,9893650,5174550,109.65
1963,"Mustard seed",22800,48800,26000,114.04
1970,"Canola (rapeseed)",760300,1646500,886200,116.56
1942,"Rye, all",283300,614500,331200,116.91
1910,"Sugar beets",78000,170500,92500,118.59
1918,"Mixed grains",329800,727850,398050,120.69
1955,"Canola (rapeseed)",15100,33400,18300,121.19
1950,Flaxseed,56900,126000,69100,121.44
1977,Buckwheat,19750,43750,24000,121.52
1918,"Rye, all",97400,216027,118627,121.79
1941,Flaxseed,77400,172250,94850,122.55
1977,"Mustard seed",35300,79300,44000,124.65
1963,"Sunflower seed",7900,18000,10100,127.85
1942,Flaxseed,172250,392950,220700,128.13
1977,Soybeans,250400,580000,329600,131.63
1942,Barley,2403400,5574550,3171150,131.94
1977,Flaxseed,276900,652800,375900,135.75
1977,"Canola (rapeseed)",836900,1973100,1136200,135.76
1952,"Canola (rapeseed)",2700,6400,3700,137.04
1915,"Wheat, all",4389200,10711050,6321850,144.03
1930,Flaxseed,52300,128800,76500,146.27
1965,"Mustard seed",22500,55600,33100,147.11
1954,"Sunflower seed",2800,7400,4600,164.29
1956,"Mustard seed",22500,60400,37900,168.44
1944,"Canola (rapeseed)",1000,2800,1800,180
1918,"Beans, all dry (white and coloured)",34650,97050,62400,180.09
1948,"Canola (rapeseed)",9900,29000,19100,192.93
1971,"Sunflower seed",25150,76700,51550,204.97
1917,"Beans, all dry (white and coloured)",11200,34650,23450,209.38
1953,"Sunflower seed",900,2800,1900,211.11
1960,"Canola (rapeseed)",80800,252200,171400,212.13
1968,"Mustard seed",68000,212700,144700,212.79
1977,"Sunflower seed",24000,81000,57000,237.5
1975,"Sunflower seed",8300,29900,21600,260.24
1911,Flaxseed,107850,392200,284350,263.65
1942,Soybeans,5900,23700,17800,301.69
1956,"Canola (rapeseed)",33400,136000,102600,307.19
1946,"Sunflower seed",1400,5900,4500,321.43
1951,"Canola (rapeseed)",50,2700,2650,5300
